City_ID,City,Country,Lat,Lng,Max Temp,Humidity,Cloudiness,Wind Speed,Current Description,Date
0,Anloga,GH,5.7947,0.8973,87.8,70,20,11.5,few clouds,2021-01-29 17:00:16
1,Tual,ID,-5.6667,132.75,83.28,75,100,17.83,overcast clouds,2021-01-29 16:56:21
2,Lithgow,AU,-33.4833,150.15,62.01,43,100,3.09,overcast clouds,2021-01-29 17:00:16
3,Busselton,AU,-33.65,115.3333,64.0,80,0,1.99,clear sky,2021-01-29 17:00:17
4,Cap Malheureux,MU,-19.9842,57.6142,81.0,78,2,5.01,clear sky,2021-01-29 17:00:17
5,Nome,US,64.5011,-165.4064,1.4,71,40,3.44,scattered clouds,2021-01-29 16:59:53
6,Dikson,RU,73.5069,80.5464,-33.18,84,54,4.88,broken clouds,2021-01-29 17:00:17
7,Kalaleh,IR,37.3807,55.4916,55.4,50,0,7.54,clear sky,2021-01-29 17:00:17
8,Daru,PG,-9.0763,143.2092,77.95,88,99,14.23,moderate rain,2021-01-29 17:00:18
9,Nouadhibou,MR,20.931,-17.0347,87.8,20,0,12.66,clear sky,2021-01-29 17:00:18
10,Jamestown,US,42.097,-79.2353,21.0,86,90,16.11,light snow,2021-01-29 16:57:17
11,Aasiaat,GL,68.7098,-52.8699,1.98,86,0,3.62,clear sky,2021-01-29 17:00:18
12,Tvoroyri,FO,61.5556,-6.8111,32.0,64,75,8.05,broken clouds,2021-01-29 17:00:19
13,Albany,US,42.6001,-73.9662,12.0,46,87,5.01,overcast clouds,2021-01-29 16:56:11
14,Tooele,US,40.5308,-112.2983,46.99,49,90,10.36,overcast clouds,2021-01-29 17:00:19
15,East London,ZA,-33.0153,27.9116,75.2,73,20,6.91,few clouds,2021-01-29 17:00:19
16,Senekal,ZA,-28.3197,27.6208,73.53,45,55,4.99,broken clouds,2021-01-29 17:00:20
17,Thompson,CA,55.7435,-97.8558,-4.0,84,75,4.61,broken clouds,2021-01-29 17:00:20
18,Port Alfred,ZA,-33.5906,26.891,70.0,82,0,1.99,clear sky,2021-01-29 17:00:21
19,Cape Town,ZA,-33.9258,18.4232,75.99,53,20,18.41,few clouds,2021-01-29 16:58:00
20,Severo-Kurilsk,RU,50.6789,156.125,21.51,94,100,18.99,overcast clouds,2021-01-29 17:00:21
21,Annau,TM,37.8876,58.516,50.0,53,40,2.3,scattered clouds,2021-01-29 17:00:21
22,Avarua,CK,-21.2078,-159.775,77.0,94,20,5.75,few clouds,2021-01-29 16:56:27
23,Pevek,RU,69.7008,170.3133,-27.9,86,5,3.76,clear sky,2021-01-29 17:00:21
24,Monopoli,IT,40.9559,17.2896,59.0,93,40,12.66,scattered clouds,2021-01-29 17:00:22
25,Craidorolt,RO,47.6167,22.7,32.0,100,90,3.44,mist,2021-01-29 17:00:22
26,Qui Nhon,VN,13.7667,109.2333,69.89,81,29,13.22,scattered clouds,2021-01-29 17:00:22
27,Erenhot,CN,43.6475,111.9767,9.46,89,37,5.44,scattered clouds,2021-01-29 17:00:22
28,Capanema,BR,-1.1958,-47.1808,83.46,82,46,6.76,scattered clouds,2021-01-29 17:00:23
29,Ciudad Bolivar,VE,8.1222,-63.5497,88.0,48,54,10.31,broken clouds,2021-01-29 17:00:23
30,Chuy,UY,-33.6971,-53.4616,79.66,59,51,9.57,broken clouds,2021-01-29 16:56:30
31,Narsaq,GL,60.9167,-46.05,44.6,29,75,32.21,broken clouds,2021-01-29 17:00:23
32,Miri,MY,4.4148,114.0089,78.8,94,40,4.61,scattered clouds,2021-01-29 17:00:09
33,La Paz,BO,-16.5,-68.15,57.2,26,75,5.75,broken clouds,2021-01-29 17:00:24
34,Bull Savanna,JM,17.8868,-77.5902,79.93,61,1,9.42,clear sky,2021-01-29 17:00:24
35,Lebu,CL,-37.6167,-73.65,58.98,96,98,1.79,overcast clouds,2021-01-29 17:00:24
36,Sechura,PE,-5.5569,-80.8222,81.68,55,63,7.34,broken clouds,2021-01-29 17:00:24
37,Umm Lajj,SA,25.0213,37.2685,67.05,55,0,15.66,clear sky,2021-01-29 17:00:24
38,Cidreira,BR,-30.1811,-50.2056,81.79,81,13,5.53,few clouds,2021-01-29 17:00:25
39,Viseu,PT,40.661,-7.9097,55.99,90,89,5.01,overcast clouds,2021-01-29 16:56:53
40,Novaya Zaimka,RU,56.4857,66.9241,10.96,95,100,5.1,overcast clouds,2021-01-29 17:00:25
41,Rikitea,PF,-23.1203,-134.9692,79.12,69,80,4.76,light rain,2021-01-29 17:00:25
42,Alihe,CN,50.5667,123.7167,-22.45,85,91,0.89,light snow,2021-01-29 17:00:25
43,Barrow,US,71.2906,-156.7887,-16.6,76,1,11.5,clear sky,2021-01-29 17:00:26
44,Boende,CD,-0.2167,20.8667,82.33,62,100,1.83,overcast clouds,2021-01-29 17:00:26
45,Hithadhoo,MV,-0.6,73.0833,82.31,77,52,11.45,broken clouds,2021-01-29 17:00:26
46,El Higo,MX,21.7667,-98.4667,66.88,58,98,2.3,overcast clouds,2021-01-29 17:00:26
47,Herat,AF,34.5,62.0,42.8,24,0,3.44,clear sky,2021-01-29 17:00:26
48,Chokurdakh,RU,70.6333,147.9167,-22.56,87,100,8.19,overcast clouds,2021-01-29 16:56:18
49,Norrtalje,SE,59.758,18.705,33.01,86,100,4.0,overcast clouds,2021-01-29 17:00:27
50,Ribeira Grande,PT,38.5167,-28.7,64.4,68,20,14.97,few clouds,2021-01-29 17:00:27
51,Piacabucu,BR,-10.4056,-36.4344,84.34,61,100,12.68,moderate rain,2021-01-29 17:00:27
52,Mataura,NZ,-46.1927,168.8643,48.0,80,32,8.01,scattered clouds,2021-01-29 17:00:27
53,Amreli,IN,21.6167,71.2333,61.38,28,93,10.11,overcast clouds,2021-01-29 17:00:27
54,Leh,IN,34.1667,77.5833,2.77,65,6,2.46,clear sky,2021-01-29 17:00:28
55,Khatanga,RU,71.9667,102.5,-47.24,73,0,1.66,clear sky,2021-01-29 16:56:49
56,Nanortalik,GL,60.1432,-45.2371,35.4,83,100,9.66,overcast clouds,2021-01-29 16:56:18
57,Ushuaia,AR,-54.8,-68.3,41.0,70,75,28.77,drizzle,2021-01-29 17:00:28
58,Petropavlovsk-Kamchatskiy,RU,53.0452,158.6483,3.2,78,100,2.24,overcast clouds,2021-01-29 17:00:28
59,Yulara,AU,-25.2406,130.9889,80.6,65,75,17.27,broken clouds,2021-01-29 16:56:39
60,Punta Arenas,CL,-53.15,-70.9167,48.2,53,75,16.11,broken clouds,2021-01-29 16:56:42
61,Mayumba,GA,-3.432,10.6554,80.82,81,100,8.34,overcast clouds,2021-01-29 17:00:29
62,Tuyen Quang,VN,21.8233,105.2181,61.5,75,35,2.13,scattered clouds,2021-01-29 17:00:29
63,Butaritari,KI,3.0707,172.7902,80.22,80,100,16.87,overcast clouds,2021-01-29 17:00:29
64,Dubbo,AU,-32.25,148.6167,71.6,83,90,10.36,overcast clouds,2021-01-29 17:00:29
65,Vaini,TO,-21.2,-175.2,73.4,94,90,8.05,light rain,2021-01-29 17:00:29
66,Hobart,AU,-42.8794,147.3294,62.6,88,90,5.75,light rain,2021-01-29 17:00:06
67,Airai,TL,-8.9266,125.4092,61.77,100,100,4.18,overcast clouds,2021-01-29 17:00:30
68,Euclides Da Cunha,BR,-10.5075,-39.0158,89.71,37,100,10.45,overcast clouds,2021-01-29 17:00:30
69,Les Cayes,HT,18.2,-73.75,82.71,45,0,6.15,clear sky,2021-01-29 17:00:30
70,Hilo,US,19.7297,-155.09,66.2,88,90,4.61,moderate rain,2021-01-29 17:00:13
71,Baykit,RU,61.67,96.37,-39.28,75,92,4.79,overcast clouds,2021-01-29 17:00:30
72,Sioux Lookout,CA,50.1001,-91.917,-2.2,84,20,4.61,few clouds,2021-01-29 16:56:43
73,Provideniya,RU,64.3833,-173.3,-9.63,82,94,7.96,overcast clouds,2021-01-29 17:00:30
74,Kaitangata,NZ,-46.2817,169.8464,42.67,92,15,5.86,few clouds,2021-01-29 16:57:14
75,Atuona,PF,-9.8,-139.0333,78.55,76,8,18.97,clear sky,2021-01-29 17:00:31
76,Katsuura,JP,35.1333,140.3,37.4,35,20,13.8,few clouds,2021-01-29 16:57:19
77,Batemans Bay,AU,-35.7167,150.1833,66.99,97,96,3.0,overcast clouds,2021-01-29 17:00:31
78,Yellowknife,CA,62.456,-114.3525,-22.0,76,20,10.36,few clouds,2021-01-29 16:59:53
79,San Matias,BO,-16.3667,-58.4,86.92,60,79,9.28,broken clouds,2021-01-29 17:00:31
80,Kodiak,US,57.79,-152.4072,33.8,69,75,18.41,light snow,2021-01-29 17:00:32
81,Hambantota,LK,6.1241,81.1185,78.3,78,99,7.38,overcast clouds,2021-01-29 17:00:32
82,Los Llanos De Aridane,ES,28.6585,-17.9182,69.8,78,0,3.44,clear sky,2021-01-29 17:00:32
83,Iberia,US,29.9502,-91.7507,51.01,71,1,8.05,clear sky,2021-01-29 17:00:32
84,Codrington,AU,-38.2667,141.9667,60.8,81,49,13.02,scattered clouds,2021-01-29 16:56:36
85,Yumen,CN,40.2833,97.2,23.34,73,0,15.66,clear sky,2021-01-29 17:00:32
86,Surt,LY,31.2089,16.5887,67.8,48,0,9.95,clear sky,2021-01-29 17:00:32
87,Rafaela,AR,-31.2503,-61.4867,88.39,40,19,11.65,few clouds,2021-01-29 17:00:33
88,Broken Hill,AU,-31.95,141.4333,73.4,49,75,17.27,broken clouds,2021-01-29 16:58:14
89,Tasiilaq,GL,65.6145,-37.6368,17.6,93,75,23.02,broken clouds,2021-01-29 17:00:33
90,Isangel,VU,-19.55,169.2667,76.69,79,39,14.2,scattered clouds,2021-01-29 17:00:33
91,Namatanai,PG,-3.6667,152.4333,81.19,82,29,9.86,scattered clouds,2021-01-29 17:00:33
92,De-Kastri,RU,51.4667,140.7833,-2.45,90,100,6.93,light snow,2021-01-29 17:00:33
93,Skjervoy,NO,70.0311,20.9714,14.0,62,20,14.97,few clouds,2021-01-29 17:00:34
94,Batticaloa,LK,7.7102,81.6924,75.78,93,100,9.44,overcast clouds,2021-01-29 17:00:34
95,Lazaro Cardenas,MX,17.9583,-102.2,83.61,51,100,2.95,overcast clouds,2021-01-29 17:00:34
96,Fara In Sabina,IT,42.2089,12.7292,55.4,82,40,9.22,scattered clouds,2021-01-29 17:00:34
97,Georgetown,MY,5.4112,100.3354,78.8,78,20,2.3,few clouds,2021-01-29 16:56:45
98,Prince George,CA,53.9166,-122.753,8.6,78,90,3.44,overcast clouds,2021-01-29 17:00:35
99,Uruguaiana,BR,-29.7547,-57.0883,91.4,58,75,10.36,broken clouds,2021-01-29 17:00:35
100,Totness,SR,5.8833,-56.3167,81.66,71,81,9.71,broken clouds,2021-01-29 17:00:35
101,Fort Morgan,US,40.2503,-103.8,28.4,80,1,5.75,clear sky,2021-01-29 16:58:13
102,Berlevag,NO,70.8578,29.0864,19.4,73,20,8.05,light snow,2021-01-29 16:56:27
103,Treinta Y Tres,UY,-33.2333,-54.3833,83.62,49,66,5.7,broken clouds,2021-01-29 17:00:36
104,Hermanus,ZA,-34.4187,19.2345,73.0,67,3,5.99,clear sky,2021-01-29 16:56:10
105,Mitsamiouli,KM,-11.3847,43.2844,82.67,71,44,6.87,light rain,2021-01-29 17:00:36
106,Zhangye,CN,38.9342,100.4517,20.48,75,23,3.02,few clouds,2021-01-29 17:00:36
107,Bluff,NZ,-46.6,168.3333,48.0,80,41,8.01,scattered clouds,2021-01-29 17:00:36
108,Sao Filipe,CV,14.8961,-24.4956,78.31,52,100,8.88,overcast clouds,2021-01-29 17:00:37
109,Alvarado,MX,18.7667,-95.7667,75.0,78,90,8.05,overcast clouds,2021-01-29 17:00:37
110,Qaanaaq,GL,77.484,-69.3632,-14.6,59,0,4.7,clear sky,2021-01-29 17:00:37
111,Klaksvik,FO,62.2266,-6.589,32.0,64,75,8.05,broken clouds,2021-01-29 17:00:37
112,Luena,AO,-11.7833,19.9167,67.42,85,98,2.39,overcast clouds,2021-01-29 17:00:37
113,Zhigalovo,RU,54.8097,105.1578,-16.53,85,100,2.75,light snow,2021-01-29 17:00:37
114,Biltine,TD,14.5333,20.9167,78.78,16,57,13.49,broken clouds,2021-01-29 17:00:38
115,Kavieng,PG,-2.5744,150.7967,82.98,81,67,14.7,light rain,2021-01-29 17:00:38
116,Mahibadhoo,MV,3.7833,72.9667,81.3,77,6,15.66,clear sky,2021-01-29 17:00:39
117,Cape Canaveral,US,28.4058,-80.6048,63.0,59,1,14.97,clear sky,2021-01-29 17:00:39
118,Faanui,PF,-16.4833,-151.75,80.92,66,38,7.27,scattered clouds,2021-01-29 16:56:28
119,Tupik,RU,54.4253,119.9327,-32.55,81,95,1.63,overcast clouds,2021-01-29 17:00:40
120,Ngunguru,NZ,-35.6167,174.5,54.0,87,22,1.99,light rain,2021-01-29 17:00:40
121,Bethel,US,41.3712,-73.414,12.99,62,90,16.11,overcast clouds,2021-01-29 17:00:40
122,Gobabis,NA,-22.45,18.9667,76.12,56,81,22.64,broken clouds,2021-01-29 17:00:40
123,Kazerun,IR,29.6195,51.6541,59.83,33,58,7.45,broken clouds,2021-01-29 17:00:40
124,Ostrovnoy,RU,68.0531,39.5131,4.89,93,100,16.82,overcast clouds,2021-01-29 17:00:40
125,Pilar De La Horadada,ES,37.8659,-0.7926,78.8,46,0,9.22,clear sky,2021-01-29 17:00:40
126,Inirida,CO,3.8653,-67.9239,93.16,44,53,2.04,broken clouds,2021-01-29 17:00:41
127,Puerto Ayora,EC,-0.7393,-90.3518,82.4,74,20,8.05,few clouds,2021-01-29 16:56:36
128,Lorengau,PG,-2.0226,147.2712,82.6,77,24,9.8,few clouds,2021-01-29 17:00:41
129,Kayes,ML,14.0,-11.0,98.31,8,3,2.64,clear sky,2021-01-29 17:00:41
130,Yenagoa,NG,4.9247,6.2642,88.3,56,30,8.32,scattered clouds,2021-01-29 17:00:42
131,Mount Isa,AU,-20.7333,139.5,82.4,54,75,1.14,broken clouds,2021-01-29 16:56:32
132,Black River,JM,18.0264,-77.8487,78.8,78,75,18.41,broken clouds,2021-01-29 17:00:42
133,Geraldton,AU,-28.7667,114.6,73.4,38,0,11.5,clear sky,2021-01-29 17:00:42
134,Puerto Baquerizo Moreno,EC,-0.9,-89.6,80.6,89,75,9.22,broken clouds,2021-01-29 17:00:43
135,Victoria,HK,22.2855,114.1577,61.0,77,0,3.0,clear sky,2021-01-29 17:00:43
136,Takoradi,GH,4.8845,-1.7554,82.4,74,76,9.31,light rain,2021-01-29 17:00:43
137,Karratha,AU,-20.7377,116.8463,82.6,76,1,5.68,clear sky,2021-01-29 17:00:44
138,Srednekolymsk,RU,67.45,153.6833,-29.6,84,100,3.8,overcast clouds,2021-01-29 17:00:44
139,Bredasdorp,ZA,-34.5322,20.0403,73.0,67,0,3.0,clear sky,2021-01-29 17:00:45
140,Itarema,BR,-2.9248,-39.9167,84.54,64,99,14.54,moderate rain,2021-01-29 17:00:45
141,Bairiki,KI,1.3292,172.9752,78.8,83,75,8.05,broken clouds,2021-01-29 16:57:20
142,Nosy Varika,MG,-20.5833,48.5333,80.49,79,0,6.64,clear sky,2021-01-29 17:00:45
143,Lulea,SE,65.5842,22.1547,-2.2,84,0,5.75,clear sky,2021-01-29 17:00:45
144,Saint Anthony,US,45.0205,-93.218,21.2,73,90,5.75,overcast clouds,2021-01-29 17:00:46
145,Mar Del Plata,AR,-38.0023,-57.5575,82.4,30,0,12.66,clear sky,2021-01-29 16:56:38
146,Grand Gaube,MU,-20.0064,57.6608,81.0,78,3,5.01,clear sky,2021-01-29 17:00:46
147,Ahuimanu,US,21.4447,-157.8378,71.6,78,75,16.11,light rain,2021-01-29 17:00:47
148,Mul,IN,20.0667,79.6667,73.53,63,45,4.12,scattered clouds,2021-01-29 17:00:47
149,Puerto Escondido,MX,15.85,-97.0667,84.2,74,40,9.22,scattered clouds,2021-01-29 17:00:47
150,Russell,US,32.3502,-85.1999,46.99,39,1,2.51,clear sky,2021-01-29 17:00:47
151,Viedma,AR,-40.8135,-62.9967,73.99,35,56,20.18,broken clouds,2021-01-29 17:00:48
152,Vostok,RU,46.4856,135.8833,-14.55,90,100,2.8,overcast clouds,2021-01-29 17:00:48
153,Lamar,US,33.6668,-95.5836,46.99,75,1,8.05,clear sky,2021-01-29 17:00:48
154,Bolton,GB,53.5833,-2.4333,48.0,91,84,1.99,broken clouds,2021-01-29 16:57:00
155,Barinas,VE,8.6226,-70.2075,89.8,37,82,8.84,broken clouds,2021-01-29 17:00:49
156,Paralimni,CY,35.0375,33.9833,50.0,66,20,5.75,few clouds,2021-01-29 17:00:49
157,Kahului,US,20.8947,-156.47,69.8,78,40,9.22,light rain,2021-01-29 16:58:55
158,Arraial Do Cabo,BR,-22.9661,-42.0278,95.0,55,0,16.11,clear sky,2021-01-29 16:56:15
159,Kapaa,US,22.0752,-159.319,71.6,83,40,13.8,light rain,2021-01-29 17:00:50
160,Fortuna,US,40.5982,-124.1573,39.99,100,1,8.05,clear sky,2021-01-29 17:00:48
161,Poum,NC,-20.2333,164.0167,78.98,77,39,14.83,scattered clouds,2021-01-29 17:00:50
162,Goderich,CA,43.7501,-81.7165,24.8,74,100,17.27,light snow,2021-01-29 17:00:51
163,Fare,PF,-16.7,-151.0167,80.85,65,19,6.82,few clouds,2021-01-29 17:00:51
164,Udachnyy,RU,66.4167,112.4,-39.3,79,57,3.6,broken clouds,2021-01-29 17:00:51
165,Wang Saphung,TH,17.301,101.7685,69.17,57,3,1.74,clear sky,2021-01-29 17:00:52
166,Saint-Philippe,RE,-21.3585,55.7679,82.4,65,0,6.91,clear sky,2021-01-29 17:00:52
167,Aviemore,GB,57.1955,-3.8259,37.99,80,40,8.05,scattered clouds,2021-01-29 17:00:52
168,Nara,JP,34.6851,135.8049,34.0,50,96,11.16,overcast clouds,2021-01-29 17:00:53
169,Cooma,AU,-36.2333,149.1333,60.8,100,90,16.11,moderate rain,2021-01-29 17:00:53
170,Ponta Do Sol,PT,32.6667,-17.1,61.0,72,16,5.01,few clouds,2021-01-29 17:00:54
171,Kavaratti,IN,10.5669,72.642,81.18,68,0,7.87,clear sky,2021-01-29 17:00:54
172,Cabo San Lucas,MX,22.8909,-109.9124,72.0,68,20,8.05,few clouds,2021-01-29 16:56:52
173,Lompoc,US,34.6391,-120.4579,44.6,100,90,5.75,light rain,2021-01-29 17:00:55
174,Roros,NO,62.5747,11.3842,-13.0,77,75,1.14,broken clouds,2021-01-29 17:00:55
175,Marsh Harbour,BS,26.5412,-77.0636,64.69,72,85,15.23,light rain,2021-01-29 17:00:55
176,Nizhneangarsk,RU,55.7833,109.55,-23.1,80,57,4.14,broken clouds,2021-01-29 17:00:56
177,Souillac,MU,-20.5167,57.5167,80.6,78,75,11.5,light rain,2021-01-29 17:00:56
178,Labuhan,ID,-6.8844,112.2051,78.12,86,100,16.15,light rain,2021-01-29 17:00:56
179,Sitka,US,57.0531,-135.33,35.6,55,90,19.57,light snow,2021-01-29 17:00:57
180,Tuatapere,NZ,-46.1333,167.6833,48.0,80,31,8.01,scattered clouds,2021-01-29 17:00:57
181,Porto Novo,BJ,6.4965,2.6036,87.8,74,40,12.66,scattered clouds,2021-01-29 17:00:58
182,Masterton,NZ,-40.9597,175.6575,55.99,72,11,4.0,few clouds,2021-01-29 16:59:32
183,Castro,BR,-24.7911,-50.0119,72.27,84,100,11.14,overcast clouds,2021-01-29 16:58:18
184,Fort-Shevchenko,KZ,44.5086,50.263,36.84,81,24,10.13,few clouds,2021-01-29 17:00:58
185,Kupang,ID,-10.1667,123.5833,80.65,82,100,13.56,moderate rain,2021-01-29 17:00:59
186,Camrose,CA,53.0168,-112.8353,-2.99,73,70,4.72,broken clouds,2021-01-29 17:00:12
187,Bitung,ID,1.4451,125.1824,73.4,94,20,1.14,few clouds,2021-01-29 17:00:59
188,Nagutskoye,RU,44.4415,42.8762,39.2,81,90,8.95,overcast clouds,2021-01-29 17:00:59
189,Yuzawa,JP,39.1667,140.5,23.29,95,79,19.71,light snow,2021-01-29 17:01:00
190,Gameleira,BR,-8.5844,-35.3867,85.15,58,100,10.63,heavy intensity rain,2021-01-29 17:01:00
191,Nikolskoye,RU,59.7035,30.7861,32.0,93,90,6.71,light snow,2021-01-29 17:01:00
192,Tiquicheo,MX,18.8833,-100.7333,93.09,24,77,1.43,broken clouds,2021-01-29 17:01:00
193,Puerto Colombia,CO,10.9878,-74.9547,84.2,58,0,24.16,clear sky,2021-01-29 17:01:01
194,Saint-Augustin,CA,51.226,-58.6502,20.37,89,0,11.34,clear sky,2021-01-29 17:01:01
195,Lincoln,US,40.8,-96.667,34.0,86,52,1.99,broken clouds,2021-01-29 16:59:33
196,Tabou,CI,4.423,-7.3528,82.22,74,44,7.74,light rain,2021-01-29 17:01:02
197,Ilulissat,GL,69.2167,-51.1,1.4,51,1,4.61,clear sky,2021-01-29 17:01:02
198,Beringovskiy,RU,63.05,179.3167,-12.84,85,94,10.92,overcast clouds,2021-01-29 17:01:02
199,Jalu,LY,29.0331,21.5482,56.28,64,0,4.99,clear sky,2021-01-29 17:01:02
200,Djambala,CG,-2.5447,14.7533,79.25,66,95,4.88,overcast clouds,2021-01-29 17:01:03
201,Saldanha,ZA,-33.0117,17.9442,66.99,82,0,15.41,clear sky,2021-01-29 16:56:44
202,Pimenta Bueno,BR,-11.6725,-61.1936,81.21,86,84,5.21,broken clouds,2021-01-29 17:01:03
203,Roswell,US,34.0232,-84.3616,45.0,44,1,3.44,clear sky,2021-01-29 17:00:57
204,Namibe,AO,-15.1961,12.1522,75.78,72,97,12.62,overcast clouds,2021-01-29 17:01:03
205,Gola Gokarannath,IN,28.0833,80.4667,52.03,51,0,8.08,clear sky,2021-01-29 17:01:04
206,Flinders,AU,-34.5833,150.8552,70.0,98,100,5.99,overcast clouds,2021-01-29 17:01:04
207,Kruisfontein,ZA,-34.0033,24.7314,70.0,67,0,7.0,clear sky,2021-01-29 17:01:04
208,Mackay,AU,-21.15,149.2,78.8,73,40,16.11,scattered clouds,2021-01-29 17:01:04
209,Tuktoyaktuk,CA,69.4541,-133.0374,-32.8,68,1,6.91,clear sky,2021-01-29 16:56:09
210,Esqueda,MX,30.7167,-109.5833,59.83,33,91,16.24,overcast clouds,2021-01-29 17:01:04
211,Lar,IN,26.2039,83.9717,50.72,62,0,6.55,clear sky,2021-01-29 17:01:05
212,Warwick,US,41.7001,-71.4162,15.01,44,40,23.02,scattered clouds,2021-01-29 17:01:05
213,Nhulunbuy,AU,-12.2333,136.7667,80.6,89,90,4.61,overcast clouds,2021-01-29 16:57:41
214,Buin,CL,-33.7333,-70.75,79.0,52,90,3.44,overcast clouds,2021-01-29 17:01:05
215,Behbahan,IR,30.5959,50.2417,66.2,55,40,11.5,scattered clouds,2021-01-29 17:01:05
216,Sambava,MG,-14.2667,50.1667,79.43,79,100,0.27,overcast clouds,2021-01-29 17:01:06
217,Bambous Virieux,MU,-20.3428,57.7575,81.0,78,75,11.5,light rain,2021-01-29 17:01:06
218,Kassala,SD,15.451,36.4,79.11,36,0,9.82,clear sky,2021-01-29 17:01:06
219,Qinhuangdao,CN,39.9317,119.5883,23.63,79,0,5.93,clear sky,2021-01-29 17:01:06
220,Belyy Yar,RU,53.6039,91.3903,26.6,68,0,4.47,clear sky,2021-01-29 17:01:07
221,Bandarbeyla,SO,9.4942,50.8122,74.84,72,11,15.52,few clouds,2021-01-29 17:01:07
222,Monrovia,LR,6.3005,-10.7969,87.8,70,75,9.22,light rain,2021-01-29 17:01:07
223,San Patricio,US,28.017,-97.5169,69.8,64,1,10.36,clear sky,2021-01-29 17:01:07
224,Outram,MY,1.2829,103.8379,78.8,83,75,8.05,broken clouds,2021-01-29 17:01:07
225,Pemangkat,ID,1.1667,108.9667,75.09,91,100,8.9,light rain,2021-01-29 17:01:07
226,Sisimiut,GL,66.9395,-53.6735,10.96,74,0,9.08,clear sky,2021-01-29 17:01:08
227,Hualmay,PE,-11.0964,-77.6139,76.12,65,43,11.65,scattered clouds,2021-01-29 17:01:08
228,Bongandanga,CD,1.5,21.05,82.65,61,91,1.86,overcast clouds,2021-01-29 17:01:08
229,Kapit,MY,2.0167,112.9333,73.0,95,100,1.59,overcast clouds,2021-01-29 17:01:08
230,Leninsk,RU,48.7119,45.1994,30.2,93,0,8.95,clear sky,2021-01-29 17:01:09
231,Prince Rupert,CA,54.3161,-130.3201,35.6,86,90,2.3,overcast clouds,2021-01-29 17:00:04
232,Fairbanks,US,64.8378,-147.7164,0.0,77,1,2.86,clear sky,2021-01-29 17:00:15
233,Tibati,CM,6.4667,12.6333,85.01,17,58,5.75,broken clouds,2021-01-29 17:01:09
234,Opuwo,NA,-18.0607,13.84,78.19,49,94,7.07,overcast clouds,2021-01-29 17:01:09
235,Vila Franca Do Campo,PT,37.7167,-25.4333,62.6,77,20,12.66,few clouds,2021-01-29 17:01:09
236,Yar-Sale,RU,66.8333,70.8333,-41.3,80,14,6.55,few clouds,2021-01-29 17:01:09
237,Fort Nelson,CA,58.8053,-122.7002,-20.2,76,40,2.3,scattered clouds,2021-01-29 16:56:36
238,Cherskiy,RU,68.75,161.3,-30.84,84,88,4.68,overcast clouds,2021-01-29 16:57:40
239,Byron Bay,AU,-28.65,153.6167,68.0,94,40,6.08,mist,2021-01-29 17:01:10
240,Mayor Pablo Lagerenza,PY,-19.9309,-60.7718,93.38,42,90,16.13,overcast clouds,2021-01-29 17:01:10
241,San Andres,CO,12.5847,-81.7006,84.2,65,20,11.5,few clouds,2021-01-29 17:01:10
242,Chingirlau,KZ,51.095,54.0814,32.29,97,100,13.71,overcast clouds,2021-01-29 17:01:10
243,Sibu,MY,2.3,111.8167,77.0,94,40,1.01,scattered clouds,2021-01-29 17:01:10
244,Zaozerne,UA,45.1582,33.2787,45.0,56,93,8.01,overcast clouds,2021-01-29 17:01:10
245,Versalles,FR,48.8,2.1333,50.0,87,90,17.27,overcast clouds,2021-01-29 17:01:11
246,Paamiut,GL,61.994,-49.6678,37.26,74,89,9.42,overcast clouds,2021-01-29 17:01:11
247,Verkhnetulomskiy,RU,68.6073,31.7962,8.6,78,40,4.47,scattered clouds,2021-01-29 17:01:11
248,Mecca,SA,21.4267,39.8261,72.25,49,4,11.52,light rain,2021-01-29 16:59:35
249,Kommunar,RU,59.6206,30.39,32.0,93,90,6.71,light snow,2021-01-29 17:01:11
250,Zhadovka,RU,53.5746,46.9498,26.35,98,100,8.19,overcast clouds,2021-01-29 17:01:12
251,Balabac,PH,7.9868,117.0645,80.65,79,49,16.44,scattered clouds,2021-01-29 17:01:12
252,Tiarei,PF,-17.5333,-149.3333,78.8,65,40,6.91,scattered clouds,2021-01-29 17:01:12
253,Norman Wells,CA,65.282,-126.8329,-36.4,74,20,5.75,few clouds,2021-01-29 16:56:26
254,Te Anau,NZ,-45.4167,167.7167,38.37,90,13,1.16,few clouds,2021-01-29 16:56:16
255,Port Macquarie,AU,-31.4333,152.9167,71.6,100,75,3.44,broken clouds,2021-01-29 17:01:12
256,Sabang,ID,5.8933,95.3214,81.52,78,90,17.29,overcast clouds,2021-01-29 17:01:13
257,Antofagasta,CL,-23.65,-70.4,73.99,60,0,13.8,clear sky,2021-01-29 17:00:45
258,Ucluelet,CA,48.9329,-125.5528,41.0,93,90,9.22,overcast clouds,2021-01-29 17:01:13
259,Hobyo,SO,5.3505,48.5268,77.04,72,14,17.13,few clouds,2021-01-29 17:01:13
260,Chicama,PE,-7.8447,-79.1469,71.6,78,0,9.22,clear sky,2021-01-29 17:01:13
261,Anan,JP,33.9167,134.65,35.6,51,20,20.71,few clouds,2021-01-29 17:01:13
262,Muisne,EC,0.6,-80.0333,80.6,94,75,5.75,light rain,2021-01-29 17:01:13
263,San Vicente,AR,-26.6167,-54.1333,76.98,84,59,6.33,broken clouds,2021-01-29 17:01:14
264,Santa Maria,BR,-29.6842,-53.8069,86.09,59,11,11.14,few clouds,2021-01-29 17:01:14
265,Iqaluit,CA,63.7506,-68.5145,-13.0,70,1,21.85,snow,2021-01-29 17:01:14
266,Strathpeffer,GB,57.588,-4.5382,37.99,80,40,8.05,scattered clouds,2021-01-29 17:01:14
267,Tandil,AR,-37.3217,-59.1332,84.0,31,47,7.0,scattered clouds,2021-01-29 17:00:03
268,Luderitz,NA,-26.6481,15.1594,77.16,37,0,28.39,clear sky,2021-01-29 17:01:14
269,Shadrinsk,RU,56.0852,63.6335,9.66,94,100,7.14,overcast clouds,2021-01-29 17:01:15
270,Bathurst,AU,-33.4166,149.5806,64.0,94,95,4.5,overcast clouds,2021-01-29 17:00:13
271,Aripuana,BR,-9.1667,-60.6333,81.63,88,61,2.24,broken clouds,2021-01-29 17:01:15
272,Mehamn,NO,71.0357,27.8492,17.6,79,75,9.22,broken clouds,2021-01-29 17:01:15
273,Havoysund,NO,70.9963,24.6622,19.4,86,90,11.5,light snow,2021-01-29 17:01:15
274,Palmer,US,42.1584,-72.3287,12.0,47,20,23.02,few clouds,2021-01-29 17:01:06
275,Port Hardy,CA,50.6996,-127.4199,41.0,87,75,16.11,broken clouds,2021-01-29 17:00:53
276,Harbour Breton,CA,47.4833,-55.7983,29.03,87,0,15.55,clear sky,2021-01-29 17:01:15
277,Port Jervis,US,41.3751,-74.6927,18.0,58,0,4.0,clear sky,2021-01-29 17:01:16
278,Ust-Kuyga,RU,70.0167,135.6,-40.25,77,100,0.16,overcast clouds,2021-01-29 16:56:17
279,Holme,DK,56.1138,10.1725,30.2,86,90,9.22,overcast clouds,2021-01-29 17:01:16
280,Eureka,US,40.8021,-124.1637,37.99,93,1,4.61,clear sky,2021-01-29 17:01:16
281,Kudahuvadhoo,MV,2.6708,72.8944,81.9,75,40,15.14,scattered clouds,2021-01-29 17:01:16
282,Akyab,MM,20.15,92.9,66.47,65,0,6.89,clear sky,2021-01-29 17:01:16
283,Kolodeznyy,RU,51.3333,39.1833,30.2,74,90,15.66,overcast clouds,2021-01-29 17:01:16
284,Tiaong,PH,13.9536,121.3161,77.0,76,20,11.99,few clouds,2021-01-29 17:01:16
285,Tselinnoye,RU,53.0833,85.6667,23.0,96,100,16.58,overcast clouds,2021-01-29 17:01:17
286,Yining,CN,29.0361,114.5636,46.49,62,92,0.89,overcast clouds,2021-01-29 17:01:17
287,Clyde River,CA,70.4692,-68.5914,-11.2,77,1,2.3,clear sky,2021-01-29 17:01:17
288,Camana,PE,-16.6228,-72.7111,76.15,60,4,9.69,clear sky,2021-01-29 17:01:17
289,Torbay,CA,47.6666,-52.7314,28.0,74,90,12.66,overcast clouds,2021-01-29 17:01:17
290,Necochea,AR,-38.5473,-58.7368,84.0,34,92,13.27,overcast clouds,2021-01-29 17:01:17
291,Tiksi,RU,71.6872,128.8694,-30.32,85,86,4.72,overcast clouds,2021-01-29 17:01:17
292,Leningradskiy,RU,69.3833,178.4167,-24.48,83,87,7.99,overcast clouds,2021-01-29 17:01:17
293,Gat,IL,31.61,34.7642,54.0,100,44,12.73,scattered clouds,2021-01-29 17:00:01
294,Paracatu,BR,-17.2222,-46.8747,85.91,44,96,5.48,overcast clouds,2021-01-29 17:01:18
295,Camopi,GF,3.1655,-52.3158,80.31,91,72,3.58,broken clouds,2021-01-29 17:01:18
296,Canutama,BR,-6.5339,-64.3831,82.94,83,99,2.73,overcast clouds,2021-01-29 17:01:18
297,Macas,EC,-2.3167,-78.1167,75.2,78,75,6.91,light rain,2021-01-29 17:01:18
298,Port Lincoln,AU,-34.7333,135.8667,63.0,73,96,14.23,overcast clouds,2021-01-29 17:01:18
299,Xining,CN,36.6167,101.7667,16.57,74,100,3.15,overcast clouds,2021-01-29 17:01:19
300,The Valley,AI,18.217,-63.0578,78.8,69,40,6.91,scattered clouds,2021-01-29 17:01:19
301,New Norfolk,AU,-42.7826,147.0587,62.01,83,72,1.83,broken clouds,2021-01-29 17:01:19
302,Batagay,RU,67.6333,134.6333,-41.96,78,100,1.5,overcast clouds,2021-01-29 17:01:19
303,Port Elizabeth,ZA,-33.918,25.5701,71.6,64,0,13.8,clear sky,2021-01-29 17:01:19
304,Taltal,CL,-25.4,-70.4833,71.56,59,4,6.85,clear sky,2021-01-29 17:01:19
305,Saint George,US,37.1041,-113.5841,46.99,76,90,9.22,light rain,2021-01-29 17:00:14
306,Pafos,CY,34.7667,32.4167,55.4,54,40,21.85,scattered clouds,2021-01-29 17:01:20
307,Bonthe,SL,7.5264,-12.505,85.06,65,39,10.54,scattered clouds,2021-01-29 17:01:20
308,Lata,PT,40.1629,-8.3327,57.99,89,84,7.07,broken clouds,2021-01-29 16:57:05
309,Acajutla,SV,13.5928,-89.8275,77.0,47,0,5.75,clear sky,2021-01-29 17:00:10
310,Korla,CN,41.7597,86.1469,23.54,82,0,2.28,clear sky,2021-01-29 17:00:43
311,Cabedelo,BR,-6.9811,-34.8339,87.8,62,75,14.97,broken clouds,2021-01-29 17:01:20
312,Jasper,US,37.2001,-94.3502,45.0,65,1,13.8,clear sky,2021-01-29 17:00:03
313,Derbent,RU,42.0678,48.2899,42.57,86,97,1.48,overcast clouds,2021-01-29 17:01:20
314,Otjiwarongo,NA,-20.4637,16.6477,76.39,52,88,3.13,overcast clouds,2021-01-29 17:01:21
315,Carnarvon,AU,-24.8667,113.6333,80.6,78,0,12.66,clear sky,2021-01-29 17:01:21
316,Pangnirtung,CA,66.1451,-65.7125,-11.2,77,1,6.91,clear sky,2021-01-29 17:01:21
317,Rosetta,EG,31.4044,30.4164,59.0,55,40,16.11,scattered clouds,2021-01-29 17:01:21
318,Charcas,MX,23.1333,-101.1167,52.95,61,45,7.09,scattered clouds,2021-01-29 17:01:21
319,Kilindoni,TZ,-7.9139,39.6668,82.13,79,3,18.5,clear sky,2021-01-29 17:01:21
320,Goedereede,NL,51.8175,3.9806,48.0,91,19,3.0,few clouds,2021-01-29 17:01:22
321,Vestmannaeyjar,IS,63.4427,-20.2734,37.4,75,90,11.5,overcast clouds,2021-01-29 17:01:22
322,Nishihara,JP,26.1842,127.7558,57.2,47,40,11.5,scattered clouds,2021-01-29 17:01:22
323,Mocuba,MZ,-16.8392,36.9856,76.82,95,78,4.14,light rain,2021-01-29 17:01:22
324,Zacatecas,MX,23.0,-103.0,44.6,76,75,3.91,broken clouds,2021-01-29 17:01:22
325,Komsomolskiy,UZ,40.4272,71.7189,33.8,51,0,4.61,clear sky,2021-01-29 17:01:22
326,Kuah,MY,6.3265,99.8432,82.4,65,20,6.91,few clouds,2021-01-29 17:01:22
327,Ambon,ID,-3.6954,128.1814,80.31,80,99,9.48,overcast clouds,2021-01-29 16:57:32
328,Poro,PH,10.6292,124.4087,75.2,94,90,17.27,overcast clouds,2021-01-29 17:01:23
329,Saskylakh,RU,71.9167,114.0833,-38.78,79,33,2.93,scattered clouds,2021-01-29 17:01:23
330,Makakilo City,US,21.3469,-158.0858,71.6,78,40,5.75,light rain,2021-01-29 17:01:23
331,Upernavik,GL,72.7868,-56.1549,-9.06,80,30,12.01,scattered clouds,2021-01-29 17:01:23
332,Altagracia De Orituco,VE,9.8601,-66.3814,85.73,42,22,7.67,few clouds,2021-01-29 17:01:24
333,Pisco,PE,-13.7,-76.2167,75.0,73,0,10.36,clear sky,2021-01-29 16:56:48
334,Ternate,ID,0.8,127.4,79.99,81,100,7.18,overcast clouds,2021-01-29 17:01:24
335,Bontang,ID,0.1333,117.5,78.8,82,100,3.8,overcast clouds,2021-01-29 17:01:24
336,Caravelas,BR,-17.7125,-39.2481,86.09,52,0,10.25,clear sky,2021-01-29 16:57:23
337,Hami,CN,42.8,93.45,21.47,83,0,3.11,clear sky,2021-01-29 17:01:24
338,Visnes,NO,59.3556,5.2242,34.0,86,40,8.05,scattered clouds,2021-01-29 17:01:24
339,Miraflores,MX,19.2167,-98.8083,57.2,66,75,2.15,broken clouds,2021-01-29 17:01:25
340,Ishigaki,JP,24.3448,124.1572,59.74,70,99,17.34,overcast clouds,2021-01-29 17:01:25
341,Dingzhou,CN,38.5131,114.9956,21.2,49,0,6.71,clear sky,2021-01-29 16:57:20
342,Husavik,IS,66.0449,-17.3389,12.2,79,40,3.44,scattered clouds,2021-01-29 17:01:25
343,Neiafu,TO,-18.65,-173.9833,75.2,94,90,11.5,moderate rain,2021-01-29 17:01:25
344,Honningsvag,NO,70.9821,25.9704,19.4,86,90,11.5,light snow,2021-01-29 17:01:25
345,Alpatovo,RU,43.7028,45.2415,42.8,75,75,11.18,broken clouds,2021-01-29 17:01:25
346,Half Moon Bay,US,37.4636,-122.4286,48.0,93,1,3.22,clear sky,2021-01-29 17:01:25
347,Guerrero Negro,MX,27.9769,-114.0611,61.29,61,2,6.15,clear sky,2021-01-29 17:01:26
348,Les Escoumins,CA,48.1111,-69.0236,14.0,67,100,16.11,overcast clouds,2021-01-29 17:01:26
349,Sur,OM,22.5667,59.5289,64.15,57,16,5.61,few clouds,2021-01-29 17:01:26
350,Lac Du Bonnet,CA,50.2536,-96.0612,9.0,100,100,5.99,overcast clouds,2021-01-29 17:01:26
351,Dunmore Town,BS,25.5,-76.65,67.28,65,96,16.71,overcast clouds,2021-01-29 17:01:26
352,College,US,64.8569,-147.8028,0.0,71,75,3.27,light snow,2021-01-29 16:57:06
353,Okha,RU,53.5739,142.9478,-2.31,92,100,9.8,overcast clouds,2021-01-29 17:01:27
354,Telde,ES,27.9924,-15.4192,75.99,68,0,4.61,clear sky,2021-01-29 17:01:27
355,Oktyabrskiy,RU,54.4815,53.471,24.73,97,100,10.78,light snow,2021-01-29 17:01:27
356,Basco,PH,20.4487,121.9702,68.25,73,94,26.98,overcast clouds,2021-01-29 17:01:27
357,Tambura,SS,5.6,27.4667,83.21,21,73,3.62,broken clouds,2021-01-29 17:01:27
358,Fujisawa,JP,35.3419,139.47,37.4,35,20,13.8,few clouds,2021-01-29 17:01:27
359,Paris,FR,48.8534,2.3488,51.01,87,90,21.85,overcast clouds,2021-01-29 16:59:32
360,Kumano,JP,34.3442,132.5894,32.0,64,20,4.61,few clouds,2021-01-29 17:01:28
361,Hole Narsipur,IN,12.7828,76.2431,67.89,68,11,2.51,light rain,2021-01-29 17:01:28
362,Port Maria,JM,18.3685,-76.8895,86.0,78,33,11.99,scattered clouds,2021-01-29 17:01:28
363,Katobu,ID,-4.9408,122.5276,75.65,90,100,3.06,overcast clouds,2021-01-29 17:01:28
364,Aklavik,CA,68.2191,-135.0107,-31.0,68,40,3.44,scattered clouds,2021-01-29 17:01:28
365,Riyadh,SA,24.6877,46.7219,80.6,17,27,6.91,scattered clouds,2021-01-29 16:59:51
366,Coracora,PE,-15.0333,-73.7833,60.66,33,1,10.63,clear sky,2021-01-29 17:01:28
367,Yerbogachen,RU,61.2767,108.0108,-43.51,79,43,4.92,scattered clouds,2021-01-29 17:01:28
368,Broome,US,42.2506,-75.833,15.01,67,90,13.8,overcast clouds,2021-01-29 17:01:29
369,Sept-Iles,CA,50.2001,-66.3821,12.99,56,4,10.36,clear sky,2021-01-29 17:01:29
370,Gajendragarh,IN,15.7333,75.9833,74.79,29,93,7.76,overcast clouds,2021-01-29 17:01:29
371,Kenai,US,60.5544,-151.2583,25.0,85,20,4.61,few clouds,2021-01-29 17:01:29
372,Hasaki,JP,35.7333,140.8333,35.6,38,20,11.5,few clouds,2021-01-29 17:01:29
373,Vogan,TG,6.3333,1.5333,87.8,70,20,11.5,few clouds,2021-01-29 17:01:29
374,Plainfield,US,40.6168,-74.4173,25.0,36,1,28.77,clear sky,2021-01-29 17:01:16
375,Aliwal North,ZA,-30.6937,26.7114,77.2,27,0,8.86,clear sky,2021-01-29 17:01:30
376,Emerald,AU,-23.5333,148.1667,75.2,69,7,8.05,clear sky,2021-01-29 17:01:01
377,Lodja,CD,-3.4833,23.4333,79.5,65,100,0.74,overcast clouds,2021-01-29 16:56:39
378,Kristiansund,NO,63.1115,7.732,32.0,86,75,13.8,snow,2021-01-29 17:01:30
379,Sabha,LY,27.0377,14.4283,59.58,43,0,5.84,clear sky,2021-01-29 17:01:30
380,Brae,GB,60.3964,-1.353,35.6,80,20,10.36,few clouds,2021-01-29 17:01:30
381,La Libertad,EC,-2.2333,-80.9,77.0,83,90,5.75,light rain,2021-01-29 17:01:30
382,Bukachacha,RU,52.9833,116.9167,-28.73,79,1,2.82,clear sky,2021-01-29 17:01:30
383,Banjar,ID,-8.19,114.9675,78.8,89,40,8.05,heavy intensity rain,2021-01-29 17:01:30
384,Meulaboh,ID,4.1363,96.1285,77.77,83,99,5.06,overcast clouds,2021-01-29 16:57:40
385,Vicuna,CL,-30.0319,-70.7081,62.6,82,75,12.66,broken clouds,2021-01-29 17:01:31
386,Mogwase,ZA,-25.185,27.2665,75.04,67,55,1.97,broken clouds,2021-01-29 17:00:50
387,Innisfail,AU,-17.5333,146.0333,75.18,90,98,5.26,overcast clouds,2021-01-29 16:59:27
388,Marawi,PH,7.9986,124.2928,73.99,93,100,5.99,overcast clouds,2021-01-29 17:00:53
389,Wanning,CN,18.8003,110.3967,65.71,83,54,7.63,broken clouds,2021-01-29 17:01:31
390,Kharan,PK,28.5833,65.4167,52.52,29,18,2.82,few clouds,2021-01-29 17:01:26
391,Plettenberg Bay,ZA,-34.0527,23.3716,67.98,66,0,3.11,clear sky,2021-01-29 17:01:31
392,Misratah,LY,32.3754,15.0925,66.49,55,4,9.75,clear sky,2021-01-29 17:01:32
393,Talcahuano,CL,-36.7167,-73.1167,59.0,100,90,13.8,fog,2021-01-29 17:01:32
394,Dabwali,IN,29.95,74.7333,51.85,39,0,4.41,clear sky,2021-01-29 17:01:32
395,Tamiahua,MX,21.2667,-97.45,68.83,65,64,9.28,broken clouds,2021-01-29 17:01:32
396,Emborion,GR,40.4833,21.55,46.4,53,100,5.82,overcast clouds,2021-01-29 17:01:32
397,Port Blair,IN,11.6667,92.75,79.36,83,71,7.34,broken clouds,2021-01-29 17:01:32
398,Tchibanga,GA,-2.85,11.0333,78.04,87,100,5.17,light rain,2021-01-29 17:01:33
399,Eldorado,BR,-23.7869,-54.2836,77.41,83,94,13.06,overcast clouds,2021-01-29 17:01:33
400,Shillong,IN,25.5689,91.8831,59.0,88,75,2.44,mist,2021-01-29 17:01:33
401,Terme,TR,41.2092,36.9739,37.4,81,20,4.61,few clouds,2021-01-29 17:01:33
402,Mahebourg,MU,-20.4081,57.7,80.6,78,40,5.75,light rain,2021-01-29 16:57:01
403,Nieuw Amsterdam,SR,5.8833,-55.0833,78.8,89,75,2.3,broken clouds,2021-01-29 17:01:33
404,Simpang,ID,-1.2667,104.0833,75.63,89,98,3.49,light rain,2021-01-29 17:01:33
405,Crailsheim,DE,49.1344,10.0719,44.6,81,75,13.8,broken clouds,2021-01-29 17:01:33
406,Utiel,ES,39.5667,-1.2,72.0,53,11,15.75,few clouds,2021-01-29 17:01:34
407,Nemuro,JP,43.3236,145.575,28.6,98,100,25.59,snow,2021-01-29 17:01:34
408,Atkarsk,RU,51.8718,45.0078,24.03,97,94,10.4,overcast clouds,2021-01-29 17:01:34
409,Nuuk,GL,64.1835,-51.7216,28.4,74,20,11.5,few clouds,2021-01-29 16:57:10
410,Quatre Cocos,MU,-20.2078,57.7625,81.0,78,75,11.5,light rain,2021-01-29 17:01:34
411,Deputatskiy,RU,69.3,139.9,-32.24,86,100,1.99,overcast clouds,2021-01-29 17:01:34
412,Muros,ES,42.7762,-9.0603,57.99,94,100,5.01,overcast clouds,2021-01-29 16:57:12
413,Talnakh,RU,69.4865,88.3972,-31.85,69,0,1.14,clear sky,2021-01-29 17:01:34
414,Riberalta,BO,-10.9833,-66.1,76.93,91,98,3.76,overcast clouds,2021-01-29 17:01:34
415,Sao Sebastiao,BR,-23.76,-45.4097,91.78,45,100,4.83,overcast clouds,2021-01-29 17:00:40
416,Salvador,SV,13.8333,-88.9167,87.8,47,0,9.22,clear sky,2021-01-29 17:01:35
417,Alpena,US,45.0617,-83.4327,21.99,79,90,6.91,light snow,2021-01-29 17:00:29
418,Gorin,RU,51.1983,136.6669,-5.84,90,100,7.83,light snow,2021-01-29 17:01:35
419,Likasi,CD,-10.9814,26.7333,67.08,91,98,2.01,light rain,2021-01-29 17:01:35
420,Varkaus,FI,62.3153,27.873,28.4,86,90,10.36,light snow,2021-01-29 17:01:35
421,Dongsheng,CN,39.8161,109.9776,19.83,79,0,19.77,clear sky,2021-01-29 17:01:35
422,Portland,US,45.5234,-122.6762,42.8,87,90,2.93,mist,2021-01-29 16:58:01
423,Aden,YE,12.7794,45.0367,75.31,72,0,12.59,clear sky,2021-01-29 16:59:00
424,Babati,TZ,-4.2167,35.75,68.85,65,14,3.06,few clouds,2021-01-29 17:01:36
425,Costa Rica,BR,-23.4167,-54.65,77.36,83,87,11.32,overcast clouds,2021-01-29 16:57:27
426,Dillon,US,34.4166,-79.3712,44.01,48,1,5.75,clear sky,2021-01-29 17:01:36
427,Lakselv,NO,70.0513,24.9718,10.4,72,75,17.27,light snow,2021-01-29 17:01:36
428,Olinda,BR,-8.0089,-34.8553,82.4,65,75,8.05,broken clouds,2021-01-29 17:01:36
429,Shakiso,ET,5.75,38.9167,66.63,38,12,4.9,few clouds,2021-01-29 17:01:37
430,Along,IN,28.1667,94.7667,51.58,58,0,2.04,clear sky,2021-01-29 17:01:37
431,Guanica,PR,17.9716,-66.908,82.99,60,1,3.0,clear sky,2021-01-29 17:01:37
432,Peleduy,RU,59.6289,112.7406,-41.78,77,57,3.89,broken clouds,2021-01-29 17:01:37
433,Imbituba,BR,-28.24,-48.6703,84.2,74,75,6.91,broken clouds,2021-01-29 17:00:04
434,Bathsheba,BB,13.2167,-59.5167,84.2,58,20,17.27,few clouds,2021-01-29 17:01:37
435,Asosa,ET,10.0667,34.5333,71.67,23,89,6.33,overcast clouds,2021-01-29 17:01:37
436,Balatonfoldvar,HU,46.8526,17.8812,46.4,76,0,6.91,clear sky,2021-01-29 17:01:37
437,Zalesovo,RU,53.9939,84.7431,22.41,97,100,13.62,light snow,2021-01-29 17:01:38
438,Susanville,US,40.4163,-120.653,32.0,100,90,1.95,overcast clouds,2021-01-29 16:58:27
439,San Cristobal,VE,7.7669,-72.225,84.2,58,20,9.22,few clouds,2021-01-29 16:56:52
440,Popondetta,PG,-8.7537,148.2534,76.14,93,100,2.86,light rain,2021-01-29 17:01:38
441,Jiancheng,CN,30.391,104.5491,42.01,93,97,5.41,overcast clouds,2021-01-29 17:01:38
442,La Ronge,CA,55.1001,-105.2842,6.8,85,100,6.91,overcast clouds,2021-01-29 17:01:38
443,Dwarka,IN,22.2394,68.9678,67.86,50,90,11.1,overcast clouds,2021-01-29 17:01:38
444,Hata,IN,26.7461,83.7403,50.92,60,0,6.71,clear sky,2021-01-29 17:01:38
445,Buala,SB,-8.145,159.5921,79.25,81,100,7.0,overcast clouds,2021-01-29 17:01:38
446,Bengkulu,ID,-3.8004,102.2655,75.65,88,100,4.43,moderate rain,2021-01-29 16:56:55
447,Seoul,KR,37.5683,126.9778,21.2,53,75,6.91,broken clouds,2021-01-29 17:01:39
448,Vardo,NO,70.3705,31.1107,19.4,93,75,16.11,light snow,2021-01-29 17:01:39
449,Padang,ID,-0.9492,100.3543,73.4,94,75,3.44,light rain,2021-01-29 17:01:39
450,Saurimo,AO,-9.6608,20.3916,71.4,84,76,1.48,light rain,2021-01-29 17:01:39
451,Alofi,NU,-19.0595,-169.9187,75.2,88,100,6.91,light rain,2021-01-29 17:01:25
452,Nantucket,US,41.2835,-70.0995,15.8,57,40,21.85,scattered clouds,2021-01-29 17:01:39
453,Laibin,CN,23.7,109.2667,54.72,44,0,4.03,clear sky,2021-01-29 17:01:39
454,Yuncheng,CN,35.0231,110.9928,38.1,62,9,3.51,clear sky,2021-01-29 17:01:40
455,Rocky Mountain House,CA,52.3668,-114.9188,-11.2,77,13,2.3,few clouds,2021-01-29 17:00:06
456,Bishop Auckland,GB,54.6555,-1.6771,39.99,84,69,4.0,light rain,2021-01-29 17:01:40
457,Temiscaming,CA,46.7212,-79.0971,8.6,72,97,10.36,overcast clouds,2021-01-29 17:00:14
458,Tombouctou,ML,20.0,-3.0,84.74,13,0,8.23,clear sky,2021-01-29 17:01:40
459,Soyo,AO,-6.1349,12.3689,81.68,82,100,13.27,light rain,2021-01-29 17:01:40
460,Waipawa,NZ,-41.4122,175.5153,57.2,67,90,21.85,overcast clouds,2021-01-29 17:01:40
461,Oranjestad,AW,12.524,-70.027,82.4,65,40,18.41,scattered clouds,2021-01-29 17:00:16
462,Comodoro Rivadavia,AR,-45.8667,-67.5,57.2,54,40,8.05,scattered clouds,2021-01-29 17:01:41
463,Natal,BR,-5.795,-35.2094,87.8,58,40,18.41,scattered clouds,2021-01-29 17:01:41
464,Montbrison,FR,45.6667,4.0833,52.0,54,0,9.22,clear sky,2021-01-29 17:01:41
465,Gravenhurst,CA,44.9168,-79.3663,8.6,66,90,9.22,overcast clouds,2021-01-29 17:00:07
466,Jhabua,IN,22.7667,74.6,61.39,29,0,10.56,clear sky,2021-01-29 16:56:50
467,Bonavista,CA,48.6499,-53.1147,28.0,86,100,3.44,overcast clouds,2021-01-29 16:59:58
468,Longyearbyen,SJ,78.2186,15.6401,-2.2,55,20,20.71,few clouds,2021-01-29 17:01:42
469,Trelew,AR,-43.249,-65.3051,63.72,48,33,21.63,scattered clouds,2021-01-29 17:01:42
470,Manakara,MG,-22.1333,48.0167,79.84,82,13,7.2,few clouds,2021-01-29 17:01:42
471,Sikasso,ML,10.9167,-7.0,97.65,8,0,3.36,clear sky,2021-01-29 17:01:42
472,Hayden,US,47.766,-116.7866,30.99,100,90,5.75,light snow,2021-01-29 17:01:42
473,Shumyachi,RU,53.8583,32.4242,19.11,97,95,7.85,overcast clouds,2021-01-29 17:01:42
474,Smithers,CA,54.7804,-127.1743,8.6,78,90,5.75,overcast clouds,2021-01-29 16:58:22
475,Uchiza,PE,-8.4592,-76.4633,80.64,71,94,1.41,overcast clouds,2021-01-29 17:01:43
476,Constitucion,CL,-35.3333,-72.4167,65.82,75,100,9.13,overcast clouds,2021-01-29 17:01:43
477,Grootegast,NL,53.2125,6.2736,39.99,95,100,5.99,overcast clouds,2021-01-29 17:01:43
478,Maceio,BR,-9.6658,-35.7353,75.2,88,75,1.14,broken clouds,2021-01-29 16:58:21
479,Penzance,GB,50.1186,-5.5371,50.0,93,94,8.05,overcast clouds,2021-01-29 17:01:43
480,Tura,IN,25.5198,90.2201,58.98,51,0,1.45,clear sky,2021-01-29 16:57:02
481,Svetlogorsk,BY,52.6333,29.7333,23.22,97,100,12.12,overcast clouds,2021-01-29 17:01:43
482,Andenes,NO,69.3143,16.1194,21.2,68,75,11.5,broken clouds,2021-01-29 17:01:43
483,Mokrousovo,RU,55.8103,66.7653,11.14,95,100,6.26,overcast clouds,2021-01-29 17:01:43
484,Oistins,BB,13.0667,-59.5333,84.2,58,20,17.27,few clouds,2021-01-29 17:01:44
485,Bogorodskoye,RU,56.55,37.8833,26.69,98,93,11.52,overcast clouds,2021-01-29 17:01:44
486,Sinnamary,GF,5.3833,-52.95,79.45,87,44,11.45,scattered clouds,2021-01-29 17:01:44
487,Shingu,JP,33.7333,135.9833,33.76,84,0,8.95,clear sky,2021-01-29 17:01:44
488,Bambanglipuro,ID,-7.95,110.2833,76.01,92,100,12.03,moderate rain,2021-01-29 16:57:07
489,Libertador General San Martin,AR,-23.8064,-64.7876,100.0,40,0,1.99,clear sky,2021-01-29 17:01:44
490,Pa Sang,TH,18.5262,98.9394,77.0,65,20,4.61,few clouds,2021-01-29 17:01:44
491,Odessa,UA,46.4775,30.7326,28.4,93,0,2.24,clear sky,2021-01-29 17:01:45
492,Harper,LR,4.375,-7.7169,82.0,75,45,7.07,light rain,2021-01-29 17:01:45
493,Mount Gambier,AU,-37.8333,140.7667,59.0,94,90,9.22,overcast clouds,2021-01-29 17:00:57
494,Navolato,MX,24.7672,-107.6944,77.0,40,20,4.61,few clouds,2021-01-29 17:01:45
495,Poya,NC,-21.35,165.15,74.7,82,49,4.45,scattered clouds,2021-01-29 17:01:45
496,Slovenska Bistrica,SI,46.3928,15.5744,46.4,76,0,10.36,clear sky,2021-01-29 17:01:45
497,Ajdabiya,LY,30.7554,20.2263,59.77,76,36,8.63,scattered clouds,2021-01-29 17:01:45
498,Payo,ID,-3.7508,103.6372,73.2,94,100,2.17,overcast clouds,2021-01-29 17:01:45
499,Dukat,RU,62.55,155.55,-29.61,83,100,3.69,overcast clouds,2021-01-29 17:01:11
500,Ahipara,NZ,-35.1667,173.1667,56.66,84,1,6.15,clear sky,2021-01-29 17:01:46
501,Saint-Pierre,RE,-21.3393,55.4781,82.4,65,0,6.91,clear sky,2021-01-29 17:01:46
502,San Jose,US,37.3394,-121.895,46.99,87,20,4.61,few clouds,2021-01-29 16:59:04
503,Kirakira,SB,-10.4544,161.9205,81.5,82,100,16.96,overcast clouds,2021-01-29 17:01:46
504,Aguimes,ES,27.9054,-15.4461,75.99,68,0,4.61,clear sky,2021-01-29 17:01:46
505,Springbok,ZA,-29.6643,17.8865,77.5,21,0,12.57,clear sky,2021-01-29 17:01:46
506,Nigran,ES,42.1415,-8.8066,57.0,100,90,16.11,drizzle,2021-01-29 17:01:46
507,Omboue,GA,-1.5746,9.2618,79.07,85,95,7.94,moderate rain,2021-01-29 17:01:46
508,Chaplynka,UA,46.3651,33.5403,40.06,72,99,14.0,overcast clouds,2021-01-29 17:01:47
509,Sonari,IN,27.0667,95.0333,60.8,69,7,1.63,clear sky,2021-01-29 17:01:47
510,Mareeba,AU,-17.0,145.4333,77.0,94,90,9.22,overcast clouds,2021-01-29 17:01:47
511,Kieta,PG,-6.2167,155.6333,80.1,81,70,9.24,light rain,2021-01-29 17:01:47
512,Rosarito,MX,32.3333,-117.0333,53.6,82,40,8.05,scattered clouds,2021-01-29 17:01:03
513,Khovu-Aksy,RU,51.1333,93.6,19.09,90,100,6.38,overcast clouds,2021-01-29 17:01:47
514,Omsukchan,RU,62.5333,155.8,-27.22,82,100,4.36,overcast clouds,2021-01-29 17:01:16
515,Lavrentiya,RU,65.5833,-171.0,-16.44,82,57,14.05,broken clouds,2021-01-29 17:01:47
516,Japura,ID,-0.3167,102.35,74.88,83,100,1.7,moderate rain,2021-01-29 17:01:13
517,Natalio,PY,-26.7167,-55.0833,84.36,71,27,4.32,scattered clouds,2021-01-29 17:01:48
518,Touros,BR,-5.1989,-35.4608,87.8,51,20,13.8,few clouds,2021-01-29 17:01:48
519,Praxedis Guerrero,MX,31.3667,-106.0167,48.2,53,90,18.39,overcast clouds,2021-01-29 17:01:48
520,Porto Walter,BR,-8.2686,-72.7439,80.92,87,69,5.14,broken clouds,2021-01-29 17:01:48
521,Gizo,SB,-8.103,156.8419,82.4,77,97,10.02,light rain,2021-01-29 17:01:48
522,Spas-Klepiki,RU,55.1347,40.1767,28.76,96,99,13.02,overcast clouds,2021-01-29 17:01:48
523,Oschatz,DE,51.3,13.1167,37.99,91,100,1.99,light snow,2021-01-29 17:01:06
524,Villazon,BO,-22.0866,-65.5942,64.85,26,0,2.8,clear sky,2021-01-29 17:01:49
525,San Pedro,PH,14.35,121.0167,77.0,73,20,4.61,few clouds,2021-01-29 17:01:49
526,Nevel,RU,56.0209,29.9284,26.89,98,100,5.35,snow,2021-01-29 17:01:49
527,Ostersund,SE,63.1792,14.6357,-7.6,77,36,1.43,scattered clouds,2021-01-29 17:01:49
528,Adrar,MR,20.5022,-10.0711,83.48,13,0,10.42,clear sky,2021-01-29 17:01:49
529,Alta Floresta,BR,-9.8756,-56.0861,83.88,77,58,1.83,broken clouds,2021-01-29 17:01:49
530,Colares,PT,38.7992,-9.4469,59.0,94,75,9.22,mist,2021-01-29 17:01:50
531,Atikokan,CA,48.7555,-91.6216,12.36,95,26,6.24,scattered clouds,2021-01-29 17:01:50
532,Araguacu,BR,-12.9306,-49.8264,85.96,65,100,4.59,overcast clouds,2021-01-29 17:01:50
533,Sao Geraldo Do Araguaia,BR,-6.4006,-48.555,86.04,69,60,4.09,broken clouds,2021-01-29 17:01:50
534,Sangar,RU,63.9242,127.4739,-50.78,76,100,0.36,overcast clouds,2021-01-29 17:01:50
535,Tieling,CN,42.2931,123.8414,12.43,94,100,11.92,overcast clouds,2021-01-29 17:01:50
536,Dzerzhinsk,RU,56.2389,43.4631,24.8,93,90,6.71,overcast clouds,2021-01-29 17:01:50
537,North Bend,US,43.4065,-124.2243,37.0,100,1,5.08,mist,2021-01-29 17:01:50
538,Cururupu,BR,-1.8283,-44.8683,88.93,54,61,8.5,broken clouds,2021-01-29 17:01:51
539,Fairmont,US,39.4851,-80.1426,25.0,59,74,4.0,broken clouds,2021-01-29 17:01:51
540,Lanzhou,CN,36.0564,103.7922,28.99,51,87,1.66,overcast clouds,2021-01-29 17:01:51
541,Huaihua,CN,27.5494,109.9592,45.7,73,100,2.46,overcast clouds,2021-01-29 17:01:51
542,Shimoda,JP,34.6667,138.95,30.99,67,0,3.0,clear sky,2021-01-29 17:01:51
543,Luebo,CD,-5.35,21.4167,80.46,62,85,1.05,overcast clouds,2021-01-29 17:01:51
544,Grand Baie,MU,-20.0182,57.5802,81.0,78,2,5.01,clear sky,2021-01-29 17:01:51
545,Kanigiri,IN,15.4,79.5167,71.56,80,57,4.88,broken clouds,2021-01-29 17:01:52
546,Bronnoysund,NO,65.4625,12.1997,28.4,80,75,12.66,snow,2021-01-29 16:59:24
547,Kananga,CD,-5.8958,22.4178,76.77,72,90,1.57,overcast clouds,2021-01-29 17:01:52
548,Tuy Hoa,VN,13.0833,109.3,69.19,82,89,9.89,overcast clouds,2021-01-29 17:01:52
549,Devils Lake,US,48.1128,-98.8651,19.4,93,90,13.8,light snow,2021-01-29 16:57:45
550,Gazanjyk,TM,39.2446,55.5154,52.54,44,99,1.7,overcast clouds,2021-01-29 17:01:52
551,West Bay,KY,19.3667,-81.4167,79.0,69,40,18.41,scattered clouds,2021-01-29 17:01:52
552,Esperance,AU,-33.8667,121.9,57.2,88,0,6.91,clear sky,2021-01-29 16:57:24
553,Cumberland,US,35.0502,-78.8664,42.01,35,1,6.91,clear sky,2021-01-29 17:01:53
554,Waingapu,ID,-9.6567,120.2641,78.42,85,72,8.55,broken clouds,2021-01-29 17:01:53
555,Ardakan,IR,32.31,54.0175,66.2,32,75,19.57,sand,2021-01-29 17:01:53
556,Jamay,MX,20.3,-102.7167,60.8,48,1,8.05,clear sky,2021-01-29 17:01:53
557,Alyangula,AU,-13.8483,136.4192,78.8,94,100,3.44,overcast clouds,2021-01-29 17:01:53
558,Camargo,MX,27.6667,-105.1667,65.07,31,10,12.95,clear sky,2021-01-29 17:01:53
559,Olafsvik,IS,64.8945,-23.7142,34.57,86,97,4.63,overcast clouds,2021-01-29 17:01:53
560,Angoche,MZ,-16.2325,39.9086,81.79,80,13,8.57,few clouds,2021-01-29 17:01:54
561,Havelian,PK,34.0536,73.1657,52.0,49,0,6.89,clear sky,2021-01-29 17:01:54
562,Muzaffarabad,PK,34.37,73.4711,46.04,48,0,5.97,clear sky,2021-01-29 17:01:54
563,Urumqi,CN,43.801,87.6005,5.0,92,15,2.24,mist,2021-01-29 16:59:50
564,Westport,US,41.1415,-73.3579,19.0,53,40,19.57,scattered clouds,2021-01-29 16:59:47
565,Pacific Grove,US,36.6177,-121.9166,46.0,93,1,6.91,clear sky,2021-01-29 17:01:54
566,Curuca,BR,-0.7289,-47.8481,82.22,88,95,6.89,overcast clouds,2021-01-29 17:01:54
567,Praia,CV,14.9215,-23.5087,80.6,44,0,19.57,clear sky,2021-01-29 17:01:54
568,Yavatmal,IN,20.4,78.1333,72.36,43,92,7.11,overcast clouds,2021-01-29 17:01:55
569,Goma,CD,-1.6792,29.2228,66.87,73,77,2.62,broken clouds,2021-01-29 17:01:55
570,Staryy Nadym,RU,65.6118,72.6842,-41.94,79,14,6.82,few clouds,2021-01-29 17:01:55
571,Ossora,RU,59.2353,163.0719,-4.32,85,28,5.91,scattered clouds,2021-01-29 17:01:55
572,Khandbari,NP,27.3747,87.2039,48.04,61,17,4.0,few clouds,2021-01-29 17:01:55
573,Riverton,US,40.5219,-111.9391,44.6,53,90,20.71,overcast clouds,2021-01-29 17:01:55
574,Ipixuna,BR,-1.7625,-48.8043,91.4,52,40,16.11,scattered clouds,2021-01-29 17:01:55
575,Catuday,PH,16.2923,119.8062,73.4,75,4,14.14,clear sky,2021-01-29 17:01:56
576,Atasu,KZ,48.6814,71.6433,18.27,90,0,8.77,clear sky,2021-01-29 17:01:56
577,Abbeville,FR,50.1,1.8333,48.0,83,78,18.54,broken clouds,2021-01-29 17:01:56
578,Auki,SB,-8.7676,160.7034,78.64,84,100,8.88,overcast clouds,2021-01-29 17:01:12
579,Tapes,BR,-30.6733,-51.3958,84.99,69,12,5.19,light rain,2021-01-29 17:01:56
580,Sarankhola,BD,22.3082,89.7897,62.02,49,20,1.66,few clouds,2021-01-29 17:01:56
581,Arkhipo-Osipovka,RU,44.37,38.52,42.73,67,95,11.95,overcast clouds,2021-01-29 17:01:56
582,Energeticheskiy,KZ,43.4278,77.0222,14.0,85,20,6.71,mist,2021-01-29 17:01:57
583,Conceicao Do Araguaia,BR,-8.2578,-49.2647,90.3,53,42,4.52,light rain,2021-01-29 17:00:48
584,Coihueco,CL,-36.6167,-71.8333,62.6,100,90,12.66,overcast clouds,2021-01-29 17:01:57
585,Tigil,RU,57.8,158.6667,-11.33,90,99,4.38,overcast clouds,2021-01-29 17:01:57
586,Noshiro,JP,40.2039,140.0242,26.17,94,100,30.87,light snow,2021-01-29 17:01:57
587,Kati,ML,12.7441,-8.0726,95.0,7,0,3.44,clear sky,2021-01-29 17:01:57
588,Cayenne,GF,4.9333,-52.3333,84.2,79,75,10.36,light rain,2021-01-29 17:00:06
589,Egvekinot,RU,66.3167,-179.1667,-20.33,84,10,16.91,clear sky,2021-01-29 17:01:36
590,Caucaia,BR,-3.7361,-38.6531,86.0,70,75,16.11,broken clouds,2021-01-29 17:01:58
591,Le Port,RE,-20.9373,55.2919,78.8,73,0,11.5,clear sky,2021-01-29 17:01:58
592,Gayeri,BF,12.6497,0.4931,92.86,10,11,11.43,few clouds,2021-01-29 17:01:58
593,Kysyl-Syr,RU,63.8986,122.7617,-49.27,75,93,3.78,overcast clouds,2021-01-29 17:01:58
594,Sibolga,ID,1.7427,98.7792,77.16,82,100,3.44,overcast clouds,2021-01-29 17:01:58
595,Naze,JP,28.3667,129.4833,48.81,73,71,14.2,broken clouds,2021-01-29 17:01:58
596,Ordzhonikidze,KZ,52.4411,61.7408,13.5,94,43,10.25,scattered clouds,2021-01-29 17:01:58
597,Esna,EG,25.2934,32.554,62.6,48,0,4.61,clear sky,2021-01-29 17:01:59
598,Lasa,IT,46.6166,10.7002,36.0,48,0,10.36,clear sky,2021-01-29 17:01:59
599,Zhigansk,RU,66.7697,123.3711,-46.3,76,56,11.23,broken clouds,2021-01-29 17:01:59
600,Huarmey,PE,-10.0681,-78.1522,76.71,62,48,10.56,scattered clouds,2021-01-29 17:01:59
601,Wajid,SO,3.8093,43.2471,82.51,20,26,10.47,scattered clouds,2021-01-29 17:01:59
602,Bilibino,RU,68.0546,166.4372,-23.19,79,84,5.77,broken clouds,2021-01-29 17:01:30
603,San Quintin,MX,30.4833,-115.95,56.98,82,93,9.91,overcast clouds,2021-01-29 17:02:00
604,Matadi,CD,-5.8167,13.45,82.71,78,87,3.44,moderate rain,2021-01-29 17:02:00
605,Hofn,IS,64.2539,-15.2082,28.4,69,0,6.91,clear sky,2021-01-29 16:57:35
606,Eyemouth,GB,55.8713,-2.0901,37.99,95,100,14.88,overcast clouds,2021-01-29 17:00:29
607,Sao Joao Da Barra,BR,-21.6403,-41.0511,82.31,70,12,19.26,few clouds,2021-01-29 17:02:00
608,Alvaraes,BR,-3.2208,-64.8042,82.4,83,75,3.44,broken clouds,2021-01-29 17:02:00
609,Morondava,MG,-20.2833,44.2833,83.12,80,48,11.61,moderate rain,2021-01-29 17:02:00
610,Santo Tomas,PH,14.1079,121.1414,77.0,73,20,4.61,few clouds,2021-01-29 17:02:01
611,Havre-Saint-Pierre,CA,50.2334,-63.5986,14.0,57,20,10.36,few clouds,2021-01-29 17:02:01
612,Milford,US,41.2223,-73.0565,16.0,53,40,19.57,scattered clouds,2021-01-29 16:57:21
613,Cockburn Town,TC,21.4612,-71.1419,72.5,79,66,24.2,broken clouds,2021-01-29 17:02:01
614,Xichang,CN,27.8964,102.2634,42.4,64,4,3.22,clear sky,2021-01-29 17:02:01
615,Thunder Bay,CA,48.4001,-89.3168,7.0,77,20,3.44,few clouds,2021-01-29 17:02:01
616,Churapcha,RU,62.0025,132.4325,-49.92,75,100,1.12,overcast clouds,2021-01-29 17:02:02
617,Ixtapa,MX,20.7,-105.2,73.4,64,20,5.75,few clouds,2021-01-29 16:57:19
618,Salinas,US,36.6777,-121.6555,46.99,87,75,11.5,broken clouds,2021-01-29 17:02:02
619,Aykhal,RU,66.0,111.5,-35.64,80,45,6.2,scattered clouds,2021-01-29 17:02:02
620,Guiuan,PH,11.0333,125.7247,81.12,76,100,21.0,overcast clouds,2021-01-29 17:02:02
621,Ampanihy,MG,-24.7,44.75,80.92,71,100,11.3,overcast clouds,2021-01-29 17:02:02
622,Hailar,CN,49.2,119.7,-25.24,85,90,5.14,overcast clouds,2021-01-29 17:02:03
623,Pangkalanbuun,ID,-2.6833,111.6167,74.57,94,100,4.0,light rain,2021-01-29 17:02:03
624,Olovo,BA,44.13,18.5828,44.6,93,40,2.3,moderate rain,2021-01-29 17:02:03
625,Pasan,IN,22.85,82.2,54.3,40,17,3.06,few clouds,2021-01-29 17:02:03
626,Asau,RO,46.4333,26.4,37.4,75,0,9.22,clear sky,2021-01-29 17:02:03
627,Manta,EC,-0.95,-80.7333,84.2,70,75,8.05,broken clouds,2021-01-29 17:01:21
628,Atar,MR,20.5169,-13.0499,86.92,12,0,11.92,clear sky,2021-01-29 17:02:03
629,Ondjiva,AO,-17.0667,15.7333,69.8,88,92,5.75,moderate rain,2021-01-29 17:02:04
630,Grafton,US,42.207,-71.6856,14.0,53,43,3.0,scattered clouds,2021-01-29 17:02:04
631,Kathu,TH,7.9178,98.3332,80.6,65,20,9.22,few clouds,2021-01-29 17:02:04
632,General Pico,AR,-35.6566,-63.7568,92.48,18,64,3.11,broken clouds,2021-01-29 17:01:13
633,Santa Marta,CO,11.2408,-74.199,89.01,57,40,1.99,scattered clouds,2021-01-29 17:02:04
634,Magistralnyy,RU,56.1725,107.4458,-32.4,82,100,1.45,overcast clouds,2021-01-29 17:02:04
635,Palana,RU,59.1167,159.9667,-8.05,95,98,7.38,overcast clouds,2021-01-29 17:02:04
636,Maarianhamina,AX,60.0973,19.9348,30.2,80,90,11.5,overcast clouds,2021-01-29 17:02:04
637,Kurilsk,RU,45.2333,147.8833,27.66,96,100,18.57,snow,2021-01-29 17:02:05
638,Mnogovershinnyy,RU,53.9353,139.9242,-10.7,92,100,4.9,overcast clouds,2021-01-29 17:02:05
639,Telford,GB,52.6766,-2.4493,48.2,93,75,10.36,broken clouds,2021-01-29 17:02:05
640,Dingle,PH,10.9995,122.6711,73.83,88,90,11.59,overcast clouds,2021-01-29 17:02:05
641,Hoquiam,US,46.9809,-123.8893,37.99,93,90,10.36,fog,2021-01-29 17:02:05
642,Vao,NC,-22.6667,167.4833,76.75,78,80,18.14,broken clouds,2021-01-29 17:02:05
643,Maputo,MZ,-25.9653,32.5892,82.99,69,20,11.5,few clouds,2021-01-29 17:01:00
644,Vilhena,BR,-12.7406,-60.1458,77.0,88,75,1.14,mist,2021-01-29 17:02:01
645,Rio Gallegos,AR,-51.6226,-69.2181,50.0,40,75,25.32,broken clouds,2021-01-29 17:02:06
646,Ancud,CL,-41.8697,-73.8203,60.8,51,40,10.36,scattered clouds,2021-01-29 16:57:35
647,Oranjemund,NA,-28.55,16.4333,65.05,69,0,22.1,clear sky,2021-01-29 17:02:06
648,Praia Da Vitoria,PT,38.7333,-27.0667,64.4,55,20,12.82,few clouds,2021-01-29 16:57:40
649,Nioro,GM,13.35,-15.75,100.29,7,98,5.97,overcast clouds,2021-01-29 17:01:12
650,Ballina,AU,-28.8667,153.5667,68.0,94,75,2.3,broken clouds,2021-01-29 16:58:26
651,Edson,CA,53.5835,-116.4356,-13.0,77,1,5.75,clear sky,2021-01-29 17:00:07
652,Ambanja,MG,-13.6833,48.45,77.31,84,96,1.72,light rain,2021-01-29 17:02:07
653,Kuusamo,FI,65.9667,29.1833,10.4,79,40,4.61,light snow,2021-01-29 17:02:07
654,Puerto Pailas,BO,-17.667,-62.7909,75.2,88,90,16.11,overcast clouds,2021-01-29 17:02:07
655,Tukrah,LY,32.5341,20.5791,60.17,84,61,18.16,broken clouds,2021-01-29 17:02:07
656,Takatsuki,JP,34.8483,135.6168,34.0,50,77,9.28,broken clouds,2021-01-29 17:02:07
657,Aginskoye,RU,51.1,114.53,-24.79,79,0,2.04,clear sky,2021-01-29 17:02:07
658,San Lorenzo,PY,-25.3333,-57.5333,87.8,66,75,13.8,broken clouds,2021-01-29 17:02:07
659,Januaria,BR,-15.4833,-44.3667,93.09,36,1,3.06,clear sky,2021-01-29 17:02:07
660,Price,US,39.5994,-110.8107,28.4,69,1,1.45,clear sky,2021-01-29 17:02:08
661,Rock Sound,BS,24.9,-76.2,67.23,68,86,17.52,overcast clouds,2021-01-29 17:02:08
662,Kargasok,RU,59.0556,80.8572,-21.57,86,39,10.74,scattered clouds,2021-01-29 17:02:08
663,Hamilton,US,39.1834,-84.5333,28.99,68,75,1.52,broken clouds,2021-01-29 16:58:15
664,Mitzic,GA,0.7821,11.549,75.85,88,77,2.82,moderate rain,2021-01-29 17:02:08
665,Mandalgovi,MN,45.7625,106.2708,15.12,89,60,14.09,broken clouds,2021-01-29 17:02:08
666,Huanta,PE,-12.9333,-74.25,68.0,40,40,5.75,scattered clouds,2021-01-29 17:02:08
667,Bagan,RU,54.1001,77.6646,18.23,97,100,8.95,overcast clouds,2021-01-29 17:02:08
668,Eyl,SO,7.9803,49.8164,74.48,74,4,16.35,clear sky,2021-01-29 17:02:09
669,Abu Dhabi,AE,24.4667,54.3667,75.2,60,0,4.61,clear sky,2021-01-29 17:01:02
670,Puro,PH,12.4841,123.3827,76.42,79,98,19.69,overcast clouds,2021-01-29 17:02:09
671,Providencia,MX,28.7167,-111.5833,61.0,61,98,1.99,overcast clouds,2021-01-29 17:02:09
672,Chulman,RU,56.8479,124.9104,-38.99,79,100,2.51,overcast clouds,2021-01-29 17:02:09
673,Yarada,IN,17.65,83.2667,73.4,88,30,2.3,mist,2021-01-29 17:02:09
674,Bhawanipatna,IN,19.9,83.1667,75.49,43,93,1.52,overcast clouds,2021-01-29 17:02:09
675,Luang Prabang,LA,19.8856,102.1347,65.98,74,1,0.58,clear sky,2021-01-29 17:02:10
676,Kamenka,RU,51.3223,42.7678,30.0,88,61,15.26,broken clouds,2021-01-29 17:01:27
677,Dharchula,IN,29.85,80.5333,42.01,42,1,7.43,clear sky,2021-01-29 17:02:10
678,Macau,MO,22.2006,113.5461,62.6,77,0,13.8,clear sky,2021-01-29 17:02:10
679,Amazar,RU,53.858,120.875,-31.43,79,89,3.04,overcast clouds,2021-01-29 17:02:10
680,Apodi,BR,-5.6642,-37.7989,96.06,31,75,6.91,broken clouds,2021-01-29 17:02:10
681,Taywarah,AF,33.35,64.4167,28.09,72,4,1.32,clear sky,2021-01-29 17:02:11
682,Tabuk,PH,17.4189,121.4443,63.99,89,91,7.54,overcast clouds,2021-01-29 17:02:11
683,Usinsk,RU,65.9939,57.5281,-20.09,85,89,12.01,overcast clouds,2021-01-29 17:02:11
684,Santa Cruz,BO,-17.8,-63.1667,75.2,100,90,18.41,moderate rain,2021-01-29 17:02:11
685,Kokoda,PG,-8.8785,147.7407,75.87,68,100,3.87,overcast clouds,2021-01-29 17:02:11
686,Constancia,MX,24.2231,-107.1869,78.01,66,0,1.99,clear sky,2021-01-29 17:02:11
687,Belmonte,BR,-15.8631,-38.8828,86.0,70,75,6.91,broken clouds,2021-01-29 17:02:11
688,Fameck,FR,49.3033,6.1086,46.99,90,100,3.0,light rain,2021-01-29 17:02:11
689,Maningrida,AU,-12.0667,134.2667,77.38,89,100,5.03,overcast clouds,2021-01-29 17:02:12
690,Lebanon,US,36.2081,-86.2911,36.0,60,1,6.91,clear sky,2021-01-29 17:02:12
691,Hirara,JP,24.8,125.2833,60.08,64,96,18.7,overcast clouds,2021-01-29 17:02:12
692,Trairi,BR,-3.2778,-39.2689,86.32,61,95,12.95,light rain,2021-01-29 17:02:12
693,Yatou,CN,37.15,122.3833,36.86,81,0,15.97,clear sky,2021-01-29 17:02:12
694,Bay Roberts,CA,47.5999,-53.2648,28.0,80,90,7.0,overcast clouds,2021-01-29 17:02:12
695,Moranbah,AU,-22.0016,148.0466,68.04,90,55,9.42,broken clouds,2021-01-29 17:02:12
696,Bodo,NO,67.28,14.405,19.0,57,0,23.02,clear sky,2021-01-29 16:57:56
